{
  "threshold": 0.5499999999999999,
  "f1": 0.7476038338658147,
  "computed_at_utc": "2026-01-05T11:05:41.704668+00:00",
  "val_positive_rate": 0.10305292627649647
}